,SALES
0,2871.0
1,2765.9
2,3884.34
3,3746.7
4,4900.0
5,8379.76
6,2497.77
7,7297.77
8,2168.54
9,4100.0
10,3700.0
11,2300.0
12,2800.0
13,3400.0
14,4177.35
15,3600.0
16,2300.0
17,4100.0
18,4358.04
19,8558.04
20,12658.04
21,1451.0
22,733.11
23,3207.12
24,2400.0
25,6600.0
26,2600.0
27,2900.0
28,6565.9
29,7584.34
30,4500.0
31,10479.76
32,10697.77
33,12997.77
34,17197.77
35,6868.54
36,7600.0
37,2900.0
38,6200.0
39,6600.0
40,6277.35
41,7000.0
42,6000.0
43,8800.0
44,13600.0
45,16658.04
46,19258.04
47,22258.04
48,4651.0
49,4100.0
50,4333.11
51,5607.12
52,8900.0
53,13900.0
54,6767.49
55,2793.86
56,10284.34
57,7446.7
58,14179.76
59,16879.760000000002
60,21397.77
61,25058.690000000002
62,9268.54
63,9900.0
64,8400.0
65,4500.0
66,10600.0
67,10600.0
68,8477.35
69,11700.0
70,9757.26
71,17000.0
72,26758.04
73,28758.04
74,31514.84
75,5980.9
76,8233.11
77,7832.62
78,6900.0
79,18400.0
80,9467.49
81,7393.860000000001
82,13384.34
83,10746.7
84,19079.760000000002
85,21079.760000000002
86,29158.690000000002
87,33658.69
88,14168.54
89,13300.0
90,13300.0
91,8400.0
92,14900.0
93,14700.0
94,12077.35
95,14400.0
96,12657.26
97,19000.0
98,35214.84
99,37814.84
100,40804.969999999994
101,6300.0
102,10433.11
103,9654.79
104,13500.0
105,24000.0
106,14467.49
107,11993.86
108,3300.0
109,15646.7
110,24279.760000000002
111,28679.760000000002
112,36058.69
113,38658.69
114,43158.69
115,17200.0
116,18200.0
117,16900.0
118,17400.0
119,15077.35
120,16900.0
121,15057.26
122,21200.0
123,44104.969999999994
124,47156.67999999999
125,48357.92999999999
126,7943.12
127,10567.76
128,10200.0
129,13833.11
130,12854.79
131,19900.0
132,25900.0
133,6800.0
134,15093.86
135,8765.9
136,15984.34
137,6500.0
138,30779.760000000002
139,46458.69
140,49258.69
141,51858.69
142,17268.54
143,23000.0
144,7900.0
145,19700.0
146,20000.0
147,18277.35
148,21300.0
149,18057.260000000002
150,25000.0
151,29000.0
152,51209.469999999994
153,53809.469999999994
154,56509.469999999994
155,14867.76
156,12497.05
157,17533.11
158,14590.09
159,28600.0
160,32400.0
161,6200.0
162,12965.9
163,20184.34
164,11300.0
165,34879.76
166,54858.69
167,57558.69
168,59658.69
169,19268.54
170,21300.0
171,25700.0
172,11200.0
173,22400.0
174,22677.35
175,26300.0
176,28400.0
177,38179.76
178,32300.0
179,59609.469999999994
180,62539.73999999999
181,66123.98999999999
182,15314.919999999998
183,20953.11
184,17165.13
185,33600.0
186,18567.489999999998
187,18393.86
188,7900.0
189,18946.7
190,13300.0
191,42579.76
192,62958.69
193,65058.69
194,69758.69
195,25900.0
196,28900.0
197,12100.0
198,24100.0
199,26177.35
200,32500.0
201,22657.260000000002
202,35400.0
203,39200.0
204,68811.98999999999
205,70700.24999999999
206,73213.52999999998
207,19067.760000000002
208,18514.92
209,24353.11
210,19446.09
211,37200.0
212,9500.0
213,8300.0
214,15065.9
215,23984.34
216,16300.0
217,47479.76
218,74058.69
219,78158.69
220,81958.69
221,22068.54
222,33200.0
223,14600.0
224,27900.0
225,26500.0
226,28977.35
227,35000.0
228,26757.260000000002
229,43100.0
230,45200.0
231,75913.52999999998
232,79187.45999999998
233,82087.45999999998
234,23967.760000000002
235,23414.92
236,26353.11
237,21910.89
238,41200.0
239,46100.0
240,20667.489999999998
241,20065.9
242,25984.34
243,23846.7
244,51279.76
245,85458.69
246,89458.69
247,92258.69
248,24568.54
249,29500.0
250,37500.0
251,14400.0
252,32500.0
253,31300.0
254,39300.0
255,44200.0
256,29157.260000000002
257,47800.0
258,85087.45999999998
259,87487.45999999998
260,92987.45999999998
261,25614.92
262,30220.190000000002
263,26310.89
264,26500.0
265,48200.0
266,12900.0
267,22693.86
268,12500.0
269,27146.7
270,20500.0
271,54679.76
272,96958.69
273,100258.69
274,102658.69
275,32100.0
276,40500.0
277,18900.0
278,35000.0
279,31677.35
280,46900.0
281,31557.260000000002
282,51200.0
283,55800.0
284,94454.36999999998
285,97754.36999999998
286,102454.36999999998
287,26679.420000000002
288,29614.92
289,33920.19
290,52900.0
291,12800.0
292,23759.24
293,30784.34
294,23600.0
295,59279.76
296,107358.69
297,110158.69
298,114158.69
299,26568.54
300,36000.0
301,42995.5
302,17300.0
303,33500.0
304,33877.35
305,51600.0
306,56100.0
307,62179.76
308,58200.0
309,105954.36999999998
310,109801.34999999998
311,114022.26999999997
312,32903.74
313,37420.19
314,28120.39
315,53900.0
316,23567.489999999998
317,26593.86
318,16700.0
319,31746.7
320,28500.0
321,64879.76
322,119158.69
323,123458.69
324,127258.69
325,38000.0
326,45695.5
327,23800.0
328,37700.0
329,37777.35
330,58500.0
331,36057.26
332,60200.0
333,63800.0
334,116422.26999999997
335,119527.88999999997
336,29279.420000000002
337,32321.83
338,36303.74
339,40662.090000000004
340,31420.39
341,56100.0
342,16285.82
343,25802.120000000003
344,32584.58
345,29840.64
346,66641.84
347,129556.93000000001
348,131184.93
349,133124.13
350,30220.100000000002
351,40591.96
352,48559.67
353,18784.2
354,35754.25
355,40458.7
356,61684.02
357,64530.649999999994
358,68327.26
359,67788.6
360,122317.84999999998
361,125617.84999999998
362,128986.00999999998
363,39078.82
364,42290.01
365,33949.75
366,59165.78
367,17000.0
368,31193.86
369,19100.0
370,33846.7
371,32240.64
372,73127.26
373,135724.13
374,139424.13
375,144324.13
376,33604.46
377,53359.67
378,27400.0
379,42300.0
380,40354.25
381,43470.969999999994
382,68630.65
383,38157.26
384,71588.6
385,76088.6
386,130503.88999999998
387,134303.88999999998
388,37121.83
389,39816.55
390,40828.61
391,44420.57
392,64565.78
393,67865.78
394,19885.82
395,27802.120000000003
396,35423.39
397,35471.01
398,78127.26
399,148424.13
400,152024.13
401,154724.13
402,38304.46
403,43891.96
404,55459.67
405,20743.08
406,44454.25
407,47470.969999999994
408,71430.65
409,73730.65
410,80427.26
411,78588.6
412,136703.88999999998
413,139228.74999999997
414,143364.74999999997
415,44897.31
416,49420.57
417,38649.75
418,35548.16
419,71065.78
420,20500.0
421,24785.82
422,31602.120000000003
423,38623.39
424,38871.01
425,83997.37999999999
426,159204.45
427,161238.09000000003
428,163198.23000000004
429,41704.46
430,48491.96
431,30600.0
432,45200.0
433,48554.25
434,51635.09
435,76130.65
436,42257.26
437,83096.6
438,86296.6
439,145564.74999999997
440,146731.99999999997
441,148815.19999999998
442,43638.55
443,47597.31
444,54124.57
445,41117.65
446,73765.78
447,79165.78
448,27385.82
449,35002.12
450,41123.39
451,41171.01
452,86797.37999999999
453,166698.23000000004
454,171098.23000000004
455,173298.23000000004
456,45904.46
457,51391.96
458,58659.67
459,24843.08
460,51154.25
461,53735.09
462,79530.65
463,83630.65
464,90497.37999999999
465,89996.6
466,152915.19999999998
467,157515.19999999998
468,161515.19999999998
469,47835.350000000006
470,50209.11
471,57624.57
472,44493.37
473,41648.16
474,82965.78
475,24400.0
476,30674.6
477,38202.12
478,44223.39
479,46171.01
480,94886.49999999999
481,177598.23000000004
482,179781.48000000004
483,182581.48000000004
484,49504.46
485,53805.22
486,33100.0
487,28843.08
488,54402.95
489,88630.65
490,46057.26
491,93531.95000000001
492,97375.29000000001
493,165226.09999999998
494,169602.08
495,171118.69999999998
496,50344.350000000006
497,54609.11
498,60139.89
499,47993.37
500,87838.83
501,26455.739999999998
502,33029.479999999996
503,40511.700000000004
504,46336.76
505,47917.61
506,97190.94999999998
507,184703.56000000003
508,186445.96000000002
509,188900.98
510,52557.74
511,55228.51
512,34604.12
513,30007.480000000003
514,55903.7
515,90188.01
516,47402.94
517,99170.53000000001
518,100275.78000000001
519,173483.58
520,175910.61
521,177148.56
522,51937.37
523,57765.270000000004
524,61460.64
525,52193.37
526,89132.58
527,36729.479999999996
528,43111.700000000004
529,50716.96
530,52617.61
531,101490.94999999998
532,193100.98
533,197300.98
534,200200.98
535,56557.74
536,59028.51
537,62459.67
538,32107.480000000003
539,58303.7
540,57335.09
541,92488.01
542,49402.94
543,104690.94999999998
544,103175.78000000001
545,181548.56
546,185948.56
547,189548.56
548,60523.97
549,62910.4
550,47548.16
551,92832.58
552,27167.489999999998
553,35493.86
554,21200.0
555,37046.7
556,108490.94999999998
557,112790.94999999998
558,204400.98
559,207600.98
560,211800.98
561,62128.51
562,67359.67
563,49700.0
564,63203.7
565,61435.09
566,96988.01
567,53002.94
568,107075.78000000001
569,192248.56
570,194748.56
571,198848.56
572,55818.65
573,62135.37
574,53557.62
575,56857.62
576,50948.16
577,95232.58
578,29455.739999999998
579,40929.479999999996
580,45211.700000000004
581,56017.61
582,115690.94999999998
583,214200.98
584,218600.98
585,220700.98
586,59857.74
587,65128.51
588,37204.12
589,36207.48
590,99588.01
591,56202.94
592,119990.94999999998
593,111875.78000000001
594,202106.32
595,206606.32
596,65835.37
597,66810.4
598,58548.16
599,98932.58
600,44060.299999999996
601,48324.04000000001
602,54523.84
603,58159.75
604,123355.84999999998
605,221963.78
606,223590.02
607,227678.72
608,63703.89
609,66468.31
610,70399.63
611,39607.8
612,65134.09
613,63899.85999999999
614,102222.95
615,105848.11
616,127144.24999999997
617,113708.38000000002
618,209512.30000000002
619,212412.30000000002
620,216012.05000000002
621,68035.37
622,68910.95999999999
623,60739.4
624,63057.280000000006
625,102205.85
626,47860.299999999996
627,51424.04000000001
628,58123.84
629,60659.75
630,131944.24999999997
631,231178.72
632,233278.72
633,237978.72
634,67503.89
635,70568.31
636,72799.63
637,43307.8
638,68434.09
639,68799.85999999999
640,108748.11
641,111148.11
642,136644.24999999997
643,116108.38000000002
644,218512.05000000002
645,219486.15000000002
646,221686.15000000002
647,57565.28
648,71435.37
649,72510.95999999999
650,62203.1
651,67857.28
652,105605.85
653,31855.739999999998
654,40093.86
655,25700.0
656,40946.7
657,64959.75
658,139544.24999999997
659,239978.72
660,244578.72
661,247278.72
662,71903.89
663,77099.63
664,42104.12
665,53700.0
666,71434.09
667,73799.85999999999
668,113448.11
669,58802.94
670,118808.38000000002
671,123008.38000000002
672,226386.15000000002
673,231286.15000000002
674,61365.28
675,63365.28
676,73935.37
677,74710.95999999999
678,109705.85
679,112505.85
680,35245.74
681,49468.299999999996
682,53687.00000000001
683,66456.39
684,141423.98999999996
685,248773.98
686,251097.68000000002
687,253589.54
688,73547.01
689,71890.47
690,43527.920000000006
691,45705.25
692,115022.11
693,60531.94
694,125264.22000000002
695,127098.72000000002
696,234487.65000000002
697,236764.05000000002
698,78435.37
699,76042.06
700,70908.58
701,114794.37000000001
702,38145.74
703,43993.86
704,30200.0
705,45646.7
706,71356.39
707,146023.98999999996
708,258389.54
709,262989.54000000004
710,266489.54000000004
711,77847.01
712,46127.920000000006
713,55859.96
714,74814.03
715,78799.85999999999
716,119822.11
717,64631.94
718,130698.72000000002
719,133598.72000000003
720,238000.89
721,242600.89
722,67165.28
723,67893.68
724,80635.37
725,78742.06
726,120292.45000000001
727,124070.03000000001
728,40645.74
729,52768.299999999996
730,57887.00000000001
731,74656.39
732,149823.98999999996
733,269589.54000000004
734,271589.54000000004
735,275989.54000000004
736,80447.01
737,74590.47
738,50727.920000000006
739,50405.25
740,123522.11
741,67731.94
742,135998.72000000003
743,139098.72000000003
744,247600.89
745,249865.04
746,252865.04
747,70793.68
748,83335.37
749,82742.06
750,65271.79
751,71508.58
752,128570.03000000001
753,41835.72
754,47084.01
755,60682.86000000001
756,60975.38
757,77358.31
758,152028.08999999997
759,278830.02
760,281477.06
761,284649.11
762,83032.93999999999
763,79247.93000000001
764,52395.32000000001
765,57719.659999999996
766,76290.63
767,80531.85999999999
768,125196.28
769,69232.92
770,141291.40000000002
771,143088.98
772,255007.39
773,257094.31000000003
774,262094.31000000003
775,73335.26999999999
776,85466.29
777,84443.76
778,66965.79000000001
779,131483.56000000003
780,132418.74000000002
781,30240.75
782,49166.5
783,33594.23
784,48206.299999999996
785,153518.24999999997
786,78434.47
787,83947.93000000001
788,52229.97
789,60388.34
790,79134.24
791,83695.50999999998
792,127422.39
793,71302.67
794,145324.31
795,265194.31000000006
796,269694.31000000006
797,272394.31000000006
798,76035.26999999999
799,87353.09999999999
800,68535.96
801,71149.88
802,74701.84
803,133901.34000000003
804,32295.98
805,51841.4
806,62828.78
807,49696.399999999994
808,155680.40999999997
809,158494.68999999997
810,286254.11
811,288347.55
812,84977.23999999999
813,80421.27
814,85643.89000000001
815,53511.53
816,62162.56
817,81131.74
818,86048.70999999998
819,128403.59
820,72853.39
821,147095.37
822,274607.7100000001
823,278407.7100000001
824,280272.51000000007
825,86608.7
826,88525.7
827,75049.88
828,77766.44
829,136103.82000000004
830,44435.72
831,55868.299999999996
832,64082.86000000001
833,66928.78
834,79658.31
835,163294.68999999997
836,290547.55
837,292647.55
838,294847.55
839,88977.23999999999
840,85421.27
841,55295.32000000001
842,57811.53
843,83531.74
844,130603.59
845,77153.39
846,149095.37
847,151595.37
848,283872.51000000007
849,285136.5900000001
850,287236.5900000001
851,79035.26999999999
852,89641.98
853,89516.48
854,77080.74
855,139603.82000000004
856,58468.299999999996
857,68682.86000000002
858,70628.78
859,82358.31
860,165594.68999999997
861,298747.55
862,301447.55
863,305247.55
864,91677.23999999999
865,89421.27
866,88043.89000000001
867,62211.53
868,87231.74
869,88048.70999999998
870,134503.59
871,138903.59
872,167794.68999999997
873,155895.37
874,289936.5900000001
875,291623.9900000001
876,292931.9900000001
877,94541.98
878,92416.48
879,81866.44
880,145103.82000000004
881,46678.61
882,60768.299999999996
883,71478.13000000002
884,75228.78
885,86643.77
886,170894.68999999997
887,309847.55
888,313146.1
889,315755.98
890,95013.52999999998
891,94321.27
892,57695.32000000001
893,65211.53
894,91638.74
895,91032.14999999998
896,143503.59
897,81853.39
898,160495.37
899,164195.37
900,296231.9900000001
901,299027.2600000001
902,303827.2600000001
903,82607.59999999999
904,98741.98
905,96516.48
906,78528.74
907,145985.22000000003
908,48689.71
909,62569.53999999999
910,74868.33000000002
911,76652.78
912,88142.87000000001
913,174252.76999999996
914,317260.13999999996
915,319915.25999999995
916,321159.4199999999
917,96902.40999999999
918,96141.28
919,60562.270000000004
920,66605.69
921,94271.02
922,93050.70999999998
923,146458.12
924,83725.22
925,165754.41
926,167634.61000000002
927,305051.9300000001
928,307651.9300000001
929,309860.5700000001
930,86066.01999999999
931,99979.86
932,99239.68
933,80747.26000000001
934,147650.54000000004
935,35717.02
936,53720.060000000005
937,37447.83
938,53139.03999999999
939,177734.92999999996
940,181098.44999999995
941,324509.93999999994
942,327372.6599999999
943,331408.6999999999
944,98941.28
945,92680.27000000002
946,63716.14
947,96968.62000000001
948,96384.74999999997
949,148517.38
950,85748.36
951,170221.25000000003
952,311847.59000000014
953,312994.09000000014
954,315306.33000000013
955,88859.73
956,101888.14
957,84188.63
958,86211.91
959,84111.64
960,150905.66000000003
961,51189.71
962,66869.54
963,77790.03000000001
964,78453.98
965,90742.87000000001
966,185098.44999999995
967,334168.0099999999
968,336368.0099999999
969,338668.0099999999
970,99902.40999999999
971,103841.28
972,63662.270000000004
973,69505.69
974,100106.96
975,100184.74999999997
976,151417.38
977,88048.36
978,172453.87000000002
979,176253.87000000002
980,317564.2500000001
981,319156.2500000001
982,323656.2500000001
983,93259.73
984,103866.76
985,102739.68
986,88732.59
987,152686.88000000003
988,37917.02
989,56320.060000000005
990,41547.83
991,57839.03999999999
992,93842.87000000001
993,189398.44999999995
994,340968.0099999999
995,343768.0099999999
996,348668.0099999999
997,106241.28
998,95980.27000000002
999,65862.27
1000,66916.14
1001,104184.74999999997
1002,155717.38
1003,90448.36
1004,179453.87000000002
1005,181453.87000000002
1006,325315.1300000001
1007,330115.1300000001
1008,97659.73
1009,106666.76
1010,104216.15999999999
1011,92032.59
1012,156786.88000000003
1013,53489.71
1014,71469.54
1015,61120.060000000005
1016,80290.03000000001
1017,43747.83
1018,82553.98
1019,61239.03999999999
1020,97042.87000000001
1021,99142.87000000001
1022,191398.44999999995
1023,196098.44999999995
1024,352568.0099999999
1025,355468.0099999999
1026,359968.0099999999
1027,362768.0099999999
1028,365368.0099999999
1029,370368.0099999999
1030,104702.40999999999
1031,107202.40999999999
1032,110241.28
1033,100280.27000000002
1034,68062.27
1035,74205.69
1036,70516.14
1037,104106.96
1038,106806.96
1039,107084.74999999997
1040,109084.74999999997
1041,159917.38
1042,162417.38
1043,166017.38
1044,92548.36
1045,198398.44999999995
1046,185153.87000000002
1047,189953.87000000002
1048,192453.87000000002
1049,333415.1300000001
1050,336115.1300000001
1051,338815.1300000001
1052,340815.1300000001
1053,343815.1300000001
1054,102459.73
1055,105451.40999999999
1056,110066.76
1057,111601.70999999999
1058,108116.15999999999
1059,112816.15999999999
1060,94232.59
1061,89611.64
1062,162786.88000000003
1063,166286.88000000003
1064,169086.88000000003
1065,41717.02
1066,63131.86000000001
1067,47847.83
1068,63390.85999999999
1069,101716.33000000002
1070,203398.44999999995
1071,373268.0099999999
1072,377220.8399999999
1073,380720.8399999999
1074,115041.28
1075,102135.68000000002
1076,72660.67
1077,74716.14
1078,113784.74999999997
1079,169617.38
1080,94748.36
1081,196124.27000000002
1082,198424.27000000002
1083,347015.1300000001
1084,349115.1300000001
1085,109266.04999999999
1086,113719.45999999999
1087,115416.15999999999
1088,96386.59
1089,173886.88000000003
1090,73246.64
1091,81826.60000000002
1092,86063.98
1093,104813.77000000002
1094,205103.85999999996
1095,382985.1599999999
1096,385469.7599999999
1097,388885.4399999999
1098,110041.73
1099,117771.28
1100,105676.21000000002
1101,77205.66
1102,76243.94
1103,117692.54999999997
1104,172275.86000000002
1105,175318.54
1106,208965.05999999997
1107,200595.34000000003
1108,352518.21000000014
1109,354764.0100000001
1110,356432.5100000001
1111,116493.26
1112,117616.15999999999
1113,100386.59
1114,58089.71
1115,77146.64
1116,84955.52000000002
1117,89063.98
1118,108772.27000000002
1119,213265.05999999997
1120,391647.3999999999
1121,394495.6299999999
1122,397035.4699999999
1123,112486.12999999999
1124,121871.28
1125,75960.67
1126,80241.54000000001
1127,109128.5
1128,178718.54
1129,97250.34
1130,204395.34000000003
1131,207695.34000000003
1132,359444.4200000001
1133,364044.4200000001
1134,366644.4200000001
1135,111766.04999999999
1136,119781.86
1137,122616.15999999999
1138,103986.59
1139,175761.97000000003
1140,80046.64
1141,87055.52000000002
1142,93263.98
1143,112472.27000000002
1144,215765.05999999997
1145,400635.4699999999
1146,402835.4699999999
1147,405135.4699999999
1148,115686.12999999999
1149,124671.28
1150,108376.21000000002
1151,85141.54000000001
1152,80343.94
1153,122592.54999999997
1154,181718.54
1155,185718.54
1156,218065.05999999997
1157,212595.34000000003
1158,369144.4200000001
1159,372844.4200000001
1160,378344.4200000001
1161,114066.04999999999
1162,122181.86
1163,126765.22999999998
1164,108986.59
1165,84746.64
1166,90455.52000000002
1167,96363.98
1168,115272.27000000002
1169,221665.05999999997
1170,409935.4699999999
1171,413835.4699999999
1172,418335.4699999999
1173,119186.12999999999
1174,129171.28
1175,112976.21000000002
1176,88841.54000000001
1177,112228.5
1178,125892.54999999997
1179,188818.54
1180,191518.54
1181,225565.05999999997
1182,215795.34000000003
1183,381144.4200000001
1184,382910.0800000001
1185,386644.80000000005
1186,126781.86
1187,129031.78999999998
1188,96111.64
1189,180061.97000000003
1190,87660.75
1191,92196.42000000001
1192,98630.18
1193,118427.85000000002
1194,226922.91999999995
1195,420934.2899999999
1196,421991.8499999999
1197,425119.6699999999
1198,131659.42
1199,115196.93000000002
1200,90199.26000000001
1201,81981.98
1202,114854.58
1203,193180.42
1204,195354.02000000002
1205,99432.39
1206,218615.22000000003
1207,389243.44000000006
1208,391262.7100000001
1209,392717.4100000001
1210,115723.62
1211,129633.7
1212,131831.78999999998
1213,112586.59
1214,97991.56
1215,45817.02
1216,65818.90000000001
1217,51147.83
1218,66790.85999999999
1219,229822.91999999995
1220,233222.91999999995
1221,429919.6699999999
1222,434519.6699999999
1223,436719.6699999999
1224,133659.42
1225,119055.68000000002
1226,86581.98
1227,118254.58
1228,130180.04999999997
1229,199954.02000000002
1230,101295.79
1231,222782.10000000003
1232,396797.4800000001
1233,400197.4800000001
1234,404697.4800000001
1235,117723.62
1236,132658.2
1237,113852.69
1238,118352.69
1239,103791.56
1240,185161.97000000003
1241,61889.71
1242,68018.90000000001
1243,53647.83
1244,69190.85999999999
1245,121927.85000000002
1246,236022.91999999995
1247,440319.6699999999
1248,444219.6699999999
1249,446919.6699999999
1250,123186.12999999999
1251,124055.68000000002
1252,80160.67
1253,91381.98
1254,132680.05
1255,203054.02000000002
1256,105695.79
1257,225082.10000000003
1258,227982.10000000003
1259,409597.4800000001
1260,413197.4800000001
1261,121123.62
1262,123623.62
1263,137458.2
1264,135631.78999999998
1265,122052.69
1266,190061.97000000003
1267,63792.93
1268,90160.31
1269,95277.66000000002
1270,125327.85000000002
1271,239922.91999999995
1272,448504.3299999999
1273,452104.3299999999
1274,454445.5299999999
1275,125668.23999999999
1276,137261.44
1277,83560.67
1278,93987.24
1279,206554.02000000002
1280,108530.43999999999
1281,243315.17999999996
1282,231340.41000000003
1283,418197.4800000001
1284,420297.4800000001
1285,140155.16
1286,138831.78999999998
1287,104332.7
1288,196196.67000000004
1289,49199.52
1290,70259.56000000001
1291,57610.71
1292,70876.13999999998
1293,127162.21000000002
1294,245232.15999999997
1295,457056.5299999999
1296,460686.80999999994
1297,465686.80999999994
1298,141211.09
1299,127547.35000000002
1300,85619.86
1301,94552.14
1302,120045.18000000001
1303,135026.02
1304,209954.02000000002
1305,113430.43999999999
1306,234866.01000000004
1307,238466.01000000004
1308,424597.9800000001
1309,427497.9800000001
1310,126623.62
1311,143717.65
1312,140472.02999999997
1313,126552.69
1314,197404.35000000003
1315,67392.93
1316,74359.56000000001
1317,100277.66000000002
1318,102630.18
1319,132062.21000000002
1320,249732.15999999997
1321,470386.80999999994
1322,472486.80999999994
1323,475686.80999999994
1324,130368.23999999999
1325,131347.35000000003
1326,89719.86
1327,96652.14
1328,124145.18000000001
1329,138826.02
1330,212436.27000000002
1331,118230.43999999999
1332,240650.39000000004
1333,243450.39000000004
1334,432197.9800000001
1335,437097.9800000001
1336,441597.9800000001
1337,129423.62
1338,145386.02
1339,144372.02999999997
1340,202004.35000000003
1341,205804.35000000003
1342,69331.81999999999
1343,92650.81
1344,102592.35000000002
1345,103885.01
1346,133345.01
1347,251077.90999999997
1348,477881.0299999999
1349,479853.0299999999
1350,481689.0099999999
1351,131488.16999999998
1352,143293.97
1353,91289.61
1354,99346.29
1355,125402.45000000001
1356,141393.86
1357,215070.55000000002
1358,119733.21999999999
1359,245126.59000000005
1360,247343.74000000005
1361,445397.9800000001
1362,447314.6200000001
1363,450214.6200000001
1364,132423.62
1365,147386.02
1366,148272.02999999997
1367,207899.80000000005
1368,209456.42000000004
1369,97050.81
1370,105392.35000000002
1371,106985.01
1372,136245.01
1373,254277.90999999997
1374,484989.0099999999
1375,489389.0099999999
1376,492589.0099999999
1377,147393.97
1378,134847.35000000003
1379,98387.24
1380,101946.29
1381,127402.45000000001
1382,219870.55000000002
1383,223270.55000000002
1384,124633.21999999999
1385,251343.74000000005
1386,454714.6200000001
1387,459714.6200000001
1388,463514.6200000001
1389,134923.62
1390,149015.06
1391,151561.88999999996
1392,131452.69
1393,99624.98999999999
1394,106720.14000000001
1395,138601.26
1396,256291.40999999997
1397,495396.22999999986
1398,498469.1899999999
1399,500375.6899999999
1400,134919.87
1401,149478.72
1402,93425.62
1403,100396.94
1404,144113.65999999997
1405,224845.63
1406,126321.64999999998
1407,257963.50999999998
1408,253018.49000000005
1409,465614.6200000001
1410,467263.8000000001
1411,152766.06
1412,153961.88999999996
1413,108754.04
1414,211534.70000000004
1415,102693.98999999999
1416,108433.94000000002
1417,140107.76
1418,260655.62999999998
1419,502797.7699999999
1420,506286.1099999999
1421,508869.44999999995
1422,136169.27
1423,152853.43
1424,136112.81000000003
1425,102078.40000000001
1426,147317.65999999997
1427,227244.35
1428,128702.68999999997
1429,262600.17
1430,255292.19000000006
1431,469380.3000000001
1432,470687.6200000001
1433,472413.9900000001
1434,154033.83
1435,157361.88999999996
1436,110741.21999999999
1437,215414.90000000005
1438,71273.96999999999
1439,77619.48000000001
1440,58824.51
1441,71962.73999999999
1442,141740.51
1443,264334.17
1444,510726.50999999995
1445,512589.9199999999
1446,515514.5999999999
1447,138463.44999999998
1448,137570.63000000003
1449,95381.5
1450,104260.68999999999
1451,128713.41000000002
1452,150230.95999999996
1453,228602.13
1454,130852.68999999997
1455,258075.44000000006
1456,260415.36000000007
1457,474142.9900000001
1458,478642.9900000001
1459,137198.82
1460,139872.26
1461,156465.58
1462,159380.60999999996
1463,133011.68
1464,216519.50000000006
1465,219094.60000000006
1466,51699.52
1467,81051.23000000001
1468,110258.90999999999
1469,76082.13999999998
1470,268734.17
1471,273734.17
1472,520314.5999999999
1473,522814.5999999999
1474,142363.44999999998
1475,155107.43
1476,140491.91000000003
1477,104078.40000000001
1478,106860.68999999999
1479,132913.41000000003
1480,152330.95999999996
1481,232002.13
1482,135552.68999999997
1483,262515.3600000001
1484,483442.9900000001
1485,486076.39000000013
1486,488354.92000000016
1487,161311.58
1488,163180.60999999996
1489,137511.68
1490,115341.21999999999
1491,222594.60000000006
1492,104415.71999999999
1493,111427.44000000002
1494,111553.96999999999
1495,144412.46000000002
1496,274960.76
1497,524268.43999999994
1498,526098.6599999999
1499,528628.6699999999
1500,144604.9
1501,157507.28
1502,142049.63000000003
1503,104923.65000000001
1504,153683.35999999996
1505,233586.93
1506,138168.68999999997
1507,276089.8
1508,264733.8600000001
1509,490383.40000000014
1510,492142.60000000015
1511,493120.27000000014
1512,162774.58
1513,166380.60999999996
1514,117917.21999999999
1515,224828.29000000007
1516,54181.159999999996
1517,84951.23000000001
1518,62682.61
1519,79583.73999999999
1520,280989.8
1521,160166.24
1522,145449.63000000003
1523,107138.32
1524,109608.21999999999
1525,136224.33000000005
1526,156063.35999999996
1527,235786.93
1528,141368.68999999997
1529,267833.8600000001
1530,495620.27000000014
1531,499734.65000000014
1532,500798.30000000016
1533,141880.7
1534,170709.20999999996
1535,138888.11
1536,143188.11
1537,121576.23999999999
1538,228993.90000000005
1539,72677.96999999999
1540,105125.91999999998
1541,113130.24000000002
1542,145607.30000000002
1543,281996.94
1544,529606.1
1545,531042.86
1546,531802.32
1547,145794.34
1548,160850.03999999998
1549,96608.32
1550,108113.14000000001
1551,236364.53
1552,142475.61999999997
1553,268528.4600000001
1554,269680.5200000001
1555,502798.30000000016
1556,506484.2500000002
1557,507187.85000000015
1558,146680.7
1559,163609.25
1560,172967.12999999998
1561,146488.11
1562,123378.18
1563,230203.50000000006
1564,57336.299999999996
1565,87800.09000000001
1566,115124.25999999998
1567,83486.15
1568,283471.6
1569,285658.49
1570,533721.72
1571,537377.72
1572,147641.34
1573,162701.03999999998
1574,148083.41000000003
1575,111266.74000000002
1576,112411.41999999998
1577,138535.35000000003
1578,158462.75999999995
1579,239097.65
1580,144571.93999999997
1581,272651.8600000001
1582,509445.43000000017
1583,512939.34000000014
1584,517338.24000000017
1585,165709.25
1586,175267.12999999998
1587,150476.71
1588,128546.57999999999
1589,233006.70000000007
1590,61636.299999999996
1591,91900.09000000001
1592,67182.61
1593,86786.15
1594,149607.30000000002
1595,288958.49
1596,542377.72
1597,545377.72
1598,549477.72
1599,166201.03999999998
1600,152983.41000000003
1601,101208.32
1602,117211.41999999998
1603,142135.35000000003
1604,160662.75999999995
1605,243297.65
1606,146671.93999999997
1607,275551.8600000001
1608,279051.8600000001
1609,521438.24000000017
1610,523525.37000000017
1611,148391.92
1612,169409.25
1613,177522.24999999997
1614,155376.71
1615,235306.70000000007
1616,75150.93
1617,106855.56999999998
1618,114125.74000000002
1619,152022.02000000002
1620,290518.95999999996
1621,550590.6599999999
1622,551729.5999999999
1623,552741.9999999999
1624,148555.26
1625,168550.09999999998
1626,102369.44
1627,113031.49000000002
1628,143826.25000000003
1629,245434.69999999998
1630,148849.03999999998
1631,280786.3400000001
1632,281651.8300000001
1633,526525.3700000001
1634,528748.8900000001
1635,531060.5700000002
1636,149220.28
1637,170265.77
1638,179367.69999999998
1639,157776.71
1640,237134.70000000007
1641,78750.93
1642,94000.09000000001
1643,116825.74000000002
1644,119824.25999999998
1645,156222.02000000002
1646,293718.95999999996
1647,555541.9999999999
1648,557941.9999999999
1649,562841.9999999999
1650,153155.26
1651,155783.41000000003
1652,107169.44
1653,120111.41999999998
1654,148526.25000000003
1655,164962.75999999995
1656,247934.69999999998
1657,153649.03999999998
1658,284051.8300000001
1659,288251.8300000001
1660,534160.5700000002
1661,538360.5700000002
1662,542060.5700000002
1663,153320.28
1664,172265.77
1665,181367.69999999998
1666,244134.70000000007
1667,249034.70000000007
1668,108916.01999999997
1669,119285.90000000002
1670,121611.81999999998
1671,88431.79999999999
1672,295888.13999999996
1673,565658.1799999999
1674,568179.23
1675,571379.21
1676,169888.21999999997
1677,158755.99000000002
1678,115102.39000000001
1679,123204.01999999999
1680,150934.95000000004
1681,251407.24
1682,253670.52
1683,155843.21
1684,289598.2300000001
1685,544594.2000000002
1686,547997.4600000002
1687,551197.4600000002
1688,156216.93
1689,174898.66
1690,183367.69999999998
1691,160056.25999999998
1692,130697.12999999999
1693,112276.46999999997
1694,121612.30000000002
1695,157767.62000000002
1696,297888.13999999996
1697,573018.4299999999
1698,575668.0299999999
1699,579513.6299999999
1700,157682.30000000002
1701,173854.51999999996
1702,111312.02
1703,119543.89000000001
1704,168277.87999999995
1705,257589.05
1706,158673.66
1707,302788.13999999996
1708,292219.0300000001
1709,553378.4600000002
1710,556760.5400000002
1711,559260.5400000002
1712,178898.66
1713,184717.69999999998
1714,137879.13
1715,252934.70000000007
1716,80493.32999999999
1717,94721.53000000001
1718,68672.02
1719,89322.82999999999
1720,158976.92
1721,303647.27999999997
1722,580665.0699999998
1723,582001.5099999998
1724,582906.7899999998
1725,158929.7
1726,159602.50000000003
1727,112397.06
1728,124971.44999999998
1729,151965.39000000004
1730,169863.23999999993
1731,258402.25
1732,159846.0
1733,293729.5900000001
1734,295177.6600000001
1735,562260.5400000002
1736,563485.8300000002
1737,157553.61
1738,160539.44999999998
1739,183398.66
1740,188717.69999999998
1741,161845.65999999997
1742,254016.80000000008
1743,255047.24000000008
1744,65295.619999999995
1745,97165.13000000002
1746,71021.92
1747,90969.01999999999
1748,305317.54
1749,306785.01999999996
1750,585655.3499999999
1751,587177.7499999999
1752,590433.1099999999
1753,177389.54999999996
1754,162211.46000000002
1755,126327.84999999998
1756,153576.75000000003
1757,172466.43999999994
1758,260621.95
1759,161342.25
1760,297061.6600000001
1761,565651.9700000002
1762,568480.1300000002
1763,573980.1300000002
1764,162406.44999999998
1765,186075.38
1766,164028.09999999998
1767,165639.49999999997
1768,139358.97
1769,256471.46000000008
1770,116876.46999999997
1771,123961.05000000002
1772,162376.92
1773,309285.01999999996
1774,592733.1099999999
1775,594733.1099999999
1776,597033.1099999999
1777,163129.7
1778,180089.54999999996
1779,115697.06
1780,122306.09000000001
1781,176766.43999999994
1782,265421.95
1783,166142.25
1784,313785.01999999996
1785,301361.6600000001
1786,575839.5700000002
1787,577933.3300000002
1788,189175.38
1789,190314.46
1790,145179.32
1791,261767.96000000008
1792,117807.36999999997
1793,125168.49000000002
1794,122329.21999999997
1795,163443.67
1796,315339.01999999996
1797,598310.7499999999
1798,599889.5399999999
1799,600807.2399999999
1800,163906.7
1801,181565.82999999996
1802,163749.92
1803,123197.29000000001
1804,155283.55000000002
1805,178140.03999999995
1806,266627.54000000004
1807,268054.94000000006
1808,316988.3
1809,302744.6900000001
1810,579162.8400000002
1811,580303.3200000002
1812,581878.9200000002
1813,163793.16999999998
1814,192775.38
1815,194414.46
1816,169339.49999999997
1817,147273.64
1818,262408.01000000007
1819,68489.14
1820,100231.83000000002
1821,74905.03
1822,95783.26999999999
1823,319814.57
1824,321407.77
1825,604073.3399999999
1826,606526.8899999999
1827,610437.2899999999
1828,183353.82999999996
1829,167077.99000000002
1830,119485.45999999999
1831,129327.84999999998
1832,157289.29
1833,180840.03999999995
1834,271214.9000000001
1835,170050.87
1836,305351.1700000001
1837,307432.9300000001
1838,585398.7700000001
1839,590898.7700000001
1840,166793.16999999998
1841,194666.94
1842,198622.87
1843,171585.89999999997
1844,268408.01000000007
1845,119795.10999999997
1846,129237.45000000003
1847,165725.89
1848,322948.77
1849,612389.21
1850,615496.82
1851,617825.46
1852,167091.5
1853,185503.56999999995
1854,122670.26
1855,125311.87000000001
1856,185096.59999999995
1857,273559.88000000006
1858,172379.53
1859,326523.81
1860,309508.9300000001
1861,594204.0200000001
1862,595742.5700000002
1863,598142.5700000002
1864,198329.46
1865,202101.51
1866,148330.93000000002
1867,271793.9100000001
1868,121687.20999999998
1869,130944.59000000003
1870,124114.72999999997
1871,167783.29
1872,330013.81
1873,619532.6
1874,621039.5599999999
1875,623920.0399999999
1876,169298.1
1877,187854.60999999996
1878,168283.03000000003
1879,128247.02
1880,158553.13
1881,188031.74999999994
1882,274784.48000000004
1883,276143.88000000006
1884,331835.99
1885,311672.6500000001
1886,599734.5500000002
1887,602234.5500000002
1888,605232.1500000001
1889,169540.96999999997
1890,200429.46
1891,204012.35
1892,174016.53999999998
1893,274690.2100000001
1894,70119.74
1895,101691.43000000002
1896,76621.25
1897,98343.73999999999
1898,333736.25
1899,335756.09
1900,625908.32
1901,627358.1599999999
1902,629293.2499999999
1903,190647.84999999995
1904,171308.08000000002
1905,131070.34999999998
1906,161789.23
1907,189767.66999999995
1908,278939.01000000007
1909,174051.05
1910,313249.3900000001
1911,608847.8600000001
1912,610307.4600000001
1913,613198.4700000001
1914,172139.40999999997
1915,175539.40999999997
1916,203465.46
1917,176248.13999999998
1918,178684.91999999998
1919,150504.53000000003
1920,275944.81000000006
1921,125387.20999999998
1922,135244.59000000003
1923,170483.29
1924,338756.09
1925,631460.4699999999
1926,636360.4699999999
1927,640960.4699999999
1928,173667.06
1929,194687.10999999996
1930,175728.40000000002
1931,130588.73000000001
1932,194067.66999999995
1933,283739.01000000007
1934,178151.05
1935,340876.23000000004
1936,317485.5300000001
1937,615087.42
1938,616240.0
1939,618732.88
1940,205457.06
1941,207412.35
1942,154233.92000000004
1943,278544.81000000006
1944,74103.24
1945,104861.38000000002
1946,80520.75
1947,100195.46999999999
1948,343389.64
1949,345821.58
1950,642474.9899999999
1951,645554.4299999998
1952,647454.7899999998
1953,196661.16999999995
1954,179431.86000000002
1955,132825.47999999998
1956,166062.52000000002
1957,198052.62999999995
1958,286146.69000000006
1959,179848.34999999998
1960,319496.5500000001
1961,621039.13
1962,622884.13
1963,625377.25
1964,177047.90999999997
1965,207757.06
1966,210577.33000000002
1967,182036.00999999998
1968,157298.24000000005
1969,282436.62000000005
1970,129387.20999999998
1971,139544.59000000003
1972,128814.72999999997
1973,172783.29
1974,349321.58
1975,650854.7899999998
1976,653354.7899999998
1977,657854.7899999998
1978,178367.06
1979,201561.16999999995
1980,183431.86000000002
1981,133488.73
1982,169962.52000000002
1983,200452.62999999995
1984,288646.69000000006
1985,292246.69000000006
1986,354321.58
1987,323996.5500000001
1988,627977.25
1989,630077.25
1990,634277.25
1991,180247.90999999997
1992,210689.04
1993,212335.24000000002
1994,186536.00999999998
1995,164898.24000000005
1996,289436.62000000005
1997,77344.74
1998,106829.50000000001
1999,84615.25
2000,102048.79
2001,357714.42000000004
2002,359685.96
2003,660024.6899999998
2004,662870.8599999999
2005,203579.56999999995
2006,186150.58000000002
2007,135470.38
2008,135827.87999999998
2009,172910.68000000002
2010,203810.11999999994
2011,293421.85000000003
2012,182141.14999999997
2013,327283.0400000001
2014,636610.95
2015,639286.0
2016,643647.4
2017,182266.48999999996
2018,184866.48999999996
2019,213536.04
2020,189542.12999999998
2021,192339.96999999997
2022,168741.44000000006
2023,290787.70000000007
2024,82182.35999999999
2025,131041.76999999997
2026,141073.17
2027,173796.77000000002
2028,361128.22000000003
2029,664033.9099999999
2030,665005.8899999999
2031,665908.5499999999
2032,179663.03
2033,205114.28999999995
2034,123855.56
2035,137169.16
2036,294802.9
2037,183481.60999999996
2038,328248.0800000001
2039,329342.07000000007
2040,646814.24
2041,648957.92
2042,215253.68000000002
2043,216421.53000000003
2044,169295.39000000007
2045,291440.05000000005
2046,84782.35999999999
2047,111229.50000000001
2048,86555.05
2049,105833.59
2050,176096.77000000002
2051,363512.86000000004
2052,668808.5499999999
2053,673708.5499999999
2054,677108.5499999999
2055,182463.03
2056,189850.58000000002
2057,128355.56
2058,140427.87999999998
2059,206010.11999999994
2060,298702.9
2061,186181.60999999996
2062,332942.07000000007
2063,336742.07000000007
2064,653357.92
2065,656457.92
2066,187166.48999999996
2067,189366.48999999996
2068,216662.64
2069,218393.64
2070,196039.96999999997
2071,294540.05000000005
2072,87282.35999999999
2073,133295.44999999998
2074,144473.17
2075,131714.72999999998
2076,177908.17
2077,367357.96
2078,679308.5499999999
2079,684008.5499999999
2080,686008.5499999999
2081,185676.9
2082,208646.51999999996
2083,131655.56
2084,140636.36000000002
2085,176539.62000000002
2086,210684.83999999994
2087,300359.59
2088,190681.60999999996
2089,340042.07000000007
2090,344442.07000000007
2091,659757.92
2092,663657.92
2093,665620.01
2094,193466.48999999996
2095,220139.44
2096,221693.64
2097,296748.97000000003
2098,79002.5
2099,113708.71000000002
2100,90120.97
2101,108631.0
2102,371113.96
2103,211486.51999999996
2104,191566.84000000003
2105,143881.96000000002
2106,143188.81999999998
2107,178348.02000000002
2108,212367.20999999993
2109,301850.59
2110,192347.95999999996
2111,348108.1500000001
2112,668536.21
2113,671153.19
2114,674543.99
2115,196612.98999999996
2116,198174.48999999996
2117,225993.64
2118,199206.96999999997
2119,202728.21999999997
2120,173514.67000000007
2121,300330.73000000004
2122,135425.46
2123,146536.23
2124,133722.86
2125,179912.94
2126,372657.26
2127,688278.47
2128,690270.39
2129,693187.15
2130,213514.03999999995
2131,194802.02000000002
2132,145944.90000000002
2133,146506.59999999998
2134,182261.71000000002
2135,305459.23000000004
2136,308984.03
2137,194934.83999999997
2138,352861.6400000001
2139,678228.66
2140,682328.66
2141,685328.66
2142,200845.40999999997
2143,224439.44
2144,230093.64
2145,205200.81999999998
2146,90382.35999999999
2147,116908.71000000002
2148,150677.56
2149,136322.86
2150,182612.94
2151,375057.26
2152,695387.15
2153,699987.15
2154,703586.14
2155,189641.0
2156,196902.02000000002
2157,134155.56
2158,150206.59999999998
2159,186162.31000000003
2160,215110.24999999994
2161,311386.10000000003
2162,197113.37999999998
2163,355661.6400000001
2164,358027.9200000001
2165,687292.26
2166,691692.26
2167,695892.26
2168,204945.40999999997
2169,227039.44
2170,232693.64
2171,302930.73000000004
2172,306484.61000000004
2173,80860.5
2174,119108.71000000002
2175,92420.97
2176,111729.7
2177,377857.26
2178,707937.3
2179,217189.89999999994
2180,199002.02000000002
2181,150044.90000000002
2182,153306.59999999998
2183,188639.52000000002
2184,216994.17999999993
2185,315045.03
2186,199713.37999999998
2187,359945.7600000001
2188,700592.26
2189,703468.21
2190,708968.21
2191,208679.22999999998
2192,232039.44
2193,236393.64
2194,209376.41999999998
2195,178414.67000000007
2196,310984.61000000004
2197,136598.61
2198,152062.02
2199,137650.44999999998
2200,112839.5
2201,379096.26
2202,708972.88
2203,710518.52
2204,712036.06
2205,218921.73999999993
2206,200697.51
2207,151090.88000000003
2208,155044.67999999996
2209,189291.32
2210,316033.5
2211,317551.61
2212,200727.13999999998
2213,361495.5600000001
2214,710076.59
2215,712876.59
2216,715776.59
2217,210192.77
2218,234356.88
2219,239692.04
2220,211203.37999999998
2221,179621.57000000007
2222,92049.05999999998
2223,120669.15000000002
2224,94758.72
2225,113943.26
2226,185230.79
2227,381303.78
2228,715201.56
2229,717272.9700000001
2230,718658.2500000001
2231,191262.62
2232,202629.16
2233,135400.09
2234,156749.17999999996
2235,191044.52000000002
2236,218660.87999999995
2237,319262.5
2238,203053.63999999998
2239,363811.5600000001
2240,365538.6600000001
2241,719576.59
2242,722000.59
2243,211728.25999999998
2244,215328.25999999998
2245,235686.28
2246,241393.80000000002
2247,213463.09999999998
2248,311909.91000000003
2249,312392.04000000004
2250,95276.68999999999
2251,122380.41000000002
2252,96813.08
2253,117075.2
2254,186912.14
2255,383655.14
2256,720066.2500000001
2257,722511.8500000001
2258,724316.29
2259,193807.37
2260,203685.56
2261,138201.49
2262,158737.57999999996
2263,221569.22999999995
2264,321409.9
2265,205153.27
2266,367853.8400000001
2267,370180.9900000001
2268,724800.59
2269,727426.6
2270,218028.25999999998
2271,220228.25999999998
2272,238672.78
2273,242980.88
2274,215271.49999999997
2275,313585.08
2276,98680.04
2277,138174.56999999998
2278,153692.22
2279,139351.72999999998
2280,189762.96000000002
2281,386347.2
2282,726490.7100000001
2283,729658.0700000001
2284,731800.7300000001
2285,195924.88999999998
2286,206105.51
2287,140392.69
2288,161780.61999999997
2289,192272.72000000003
2290,222899.57999999996
2291,324202.42000000004
2292,207449.27
2293,372810.4300000001
2294,374722.5900000001
2295,732226.6
2296,734658.37
2297,737758.37
2298,223828.25999999998
2299,241172.78
2300,247780.88
2301,315452.4
2302,318154.44
2303,83266.86
2304,124475.08000000002
2305,99610.98
2306,118712.4
2307,388629.11
2308,221228.97999999992
2309,207426.31
2310,153733.70000000004
2311,164841.61999999997
2312,195437.12000000002
2313,224690.73999999996
2314,328295.42000000004
2315,209683.66999999998
2316,377760.4300000001
2317,739178.21
2318,741126.2899999999
2319,743433.5299999999
2320,225608.65999999997
2321,229152.83
2322,251400.32
2323,218771.49999999997
2324,220254.51999999996
2325,184440.83000000007
2326,319746.16
2327,141274.56999999998
2328,155860.72
2329,142045.72999999998
2330,121412.4
2331,390929.11
2332,735200.7300000001
2333,737400.7300000001
2334,741000.9700000001
2335,224928.97999999992
2336,210426.31
2337,156433.70000000004
2338,167341.61999999997
2339,198768.10000000003
2340,332095.42000000004
2341,334695.42000000004
2342,213483.66999999998
2343,381995.4300000001
2344,745633.5299999999
2345,748833.5299999999
2346,751035.1499999999
2347,233152.83
2348,243372.78
2349,255500.32
2350,222458.61999999997
2351,188940.83000000007
2352,84832.71
2353,126955.46000000002
2354,100966.11
2355,122658.84
2356,391749.51
2357,394242.15
2358,197038.49
2359,226692.8399999999
2360,212322.97
2361,157883.05000000005
2362,169211.09999999998
2363,200628.63000000003
2364,226415.55999999997
2365,336409.11000000004
2366,214743.11
2367,384046.5100000001
2368,752652.5299999999
2369,754418.1499999999
2370,756442.95
2371,236441.22999999998
2372,239166.69999999998
2373,258724.52000000002
2374,225158.61999999997
2375,226954.95999999996
2376,190920.43000000008
2377,321667.56999999995
2378,101980.04
2379,129655.46000000002
2380,105566.11
2381,127058.84
2382,192362.96000000002
2383,398798.31
2384,743300.9700000001
2385,747800.9700000001
2386,752700.9700000001
2387,199696.25
2388,216022.97
2389,143792.69
2390,171411.09999999998
2391,203528.63000000003
2392,229760.81999999998
2393,340209.11000000004
2394,218843.11
2395,388246.5100000001
2396,391046.5100000001
2397,760242.95
2398,762542.95
2399,241380.09999999998
2400,245980.09999999998
2401,246087.18
2402,261624.52000000002
2403,231554.95999999996
2404,324267.56999999995
2405,326067.56999999995
2406,103685.95999999999
2407,130688.87000000002
2408,108745.63
2409,129150.01999999999
2410,194142.67
2411,401335.95
2412,755149.6900000001
2413,756122.0900000001
2414,758978.2300000001
2415,228661.1399999999
2416,218079.17
2417,146034.71
2418,174539.74999999997
2419,232204.08
2420,342679.97000000003
2421,220770.56
2422,393098.0700000001
2423,395435.4500000001
2424,766942.95
2425,769042.95
2426,250380.09999999998
2427,252003.34999999998
2428,247493.1
2429,263906.80000000005
2430,236054.95999999996
2431,329323.9199999999
2432,144096.22999999998
2433,159154.12
2434,146269.72999999998
2435,132241.69999999998
2436,403555.55
2437,762844.6300000001
2438,764809.3900000001
2439,767478.1900000002
2440,231883.1399999999
2441,221943.67
2442,159249.85000000003
2443,178015.42999999996
2444,207735.13000000003
2445,344166.35000000003
2446,347244.23000000004
2447,224314.76
2448,397918.4900000001
2449,772521.0
2450,774521.0
2451,778321.0
2452,254603.34999999998
2453,251893.1
2454,268806.80000000005
2455,238254.95999999996
2456,193038.9700000001
2457,87730.18000000001
2458,132605.62000000002
2459,110605.63
2460,134865.69999999998
2461,196923.48
2462,406795.17
2463,769302.1900000002
2464,770436.1900000002
2465,771923.6000000002
2466,234720.5999999999
2467,223886.44
2468,148578.83
2469,180583.66999999995
2470,209843.13000000003
2471,233576.22
2472,350784.38000000006
2473,226273.6
2474,400618.4900000001
2475,403160.4900000001
2476,780661.0
2477,782861.0
2478,258130.16999999998
2479,256293.1
2480,270740.30000000005
2481,240855.08999999997
2482,331963.49999999994
2483,90830.18000000001
2484,136469.49000000002
2485,112468.99
2486,138465.69999999998
2487,411595.17
2488,414357.37
2489,203686.01
2490,236370.14999999988
2491,226386.44
2492,161749.85000000003
2493,183415.20999999996
2494,213204.33000000005
2495,236440.54
2496,352779.26000000007
2497,230473.6
2498,405260.4900000001
2499,785656.14
2500,788356.14
2501,791014.14
2502,262030.16999999998
2503,263240.97
2504,273769.49000000005
2505,245455.08999999997
2506,249576.51999999996
2507,194138.9700000001
2508,334064.31999999995
2509,92864.53000000001
2510,139497.33000000002
2511,115572.99
2512,142078.12999999998
2513,199635.36000000002
2514,417257.37
2515,774662.1400000002
2516,777494.1400000002
2517,782214.1400000002
2518,239592.14999999988
2519,228617.44
2520,150875.66999999998
2521,187415.20999999996
2522,238540.54
2523,356503.49000000005
2524,232558.41
2525,408749.27000000014
2526,410502.33000000013
2527,793014.14
2528,795544.9400000001
2529,266040.97
2530,260693.1
2531,278669.49000000005
2532,252154.11999999997
2533,337464.31999999995
2534,95864.53000000001
2535,142227.39
2536,117464.77
2537,144678.12999999998
2538,420183.13
2539,423083.13
2540,785507.3800000002
2541,787897.0600000003
2542,790069.5400000003
2543,242519.57999999987
2544,231217.44
2545,191253.20999999996
2546,217346.49000000005
2547,240713.02000000002
2548,358386.29000000004
2549,235958.41
2550,413826.17000000016
2551,799740.7400000001
2552,803840.7400000001
2553,807759.4900000001
2554,268340.97
2555,269430.32999999996
2556,263394.22000000003
2557,254641.15999999997
2558,258241.15999999997
2559,198177.77000000008
2560,340534.72
2561,99264.53000000001
2562,144627.39
2563,121464.77
2564,146830.14999999997
2565,425083.13
2566,428183.13
2567,792000.0400000003
2568,796200.0400000003
2569,245112.29999999987
2570,234464.19
2571,165122.35000000003
2572,194753.20999999996
2573,220341.24000000005
2574,244613.02000000002
2575,362886.29000000004
2576,238358.41
2577,416932.42000000016
2578,810059.4900000001
2579,813759.4900000001
2580,818585.7400000001
2581,274330.32999999996
2582,276930.32999999996
2583,281969.49000000005
2584,261343.23999999996
2585,263251.95999999996
2586,205721.52000000008
2587,342734.72
2588,101303.40000000001
2589,147126.65000000002
2590,125302.82
2591,149474.13999999996
2592,430499.01
2593,433724.07
2594,798651.8800000002
2595,800906.8600000002
2596,804846.3600000002
2597,248536.99999999988
2598,237378.39
2599,153265.27
2600,197181.68999999997
2601,223362.72000000006
2602,247223.74000000002
2603,365977.48000000004
2604,240934.61000000002
2605,420164.73000000016
2606,822159.3400000001
2607,824181.8500000001
2608,827899.3500000001
2609,279115.48
2610,266277.75000000006
2611,266951.95999999996
2612,268414.95999999996
2613,345087.31
2614,107885.95999999999
2615,151326.65000000002
2616,163654.12
2617,149869.72999999998
2618,201635.36000000002
2619,436919.34
2620,808457.5200000003
2621,810458.2900000003
2622,812772.5500000003
2623,206986.01
2624,240106.39
2625,158265.27
2626,201581.68999999997
2627,227004.12000000005
2628,251271.74000000002
2629,368298.94000000006
2630,243734.61000000002
2631,424164.73000000016
2632,427138.6300000002
2633,831299.3500000001
2634,835899.3500000001
2635,838549.9100000001
2636,281815.48
2637,269677.75000000006
2638,283834.05000000005
2639,348487.31
2640,352209.63
2641,104503.40000000001
2642,153726.65000000002
2643,127993.91
2644,151474.13999999996
2645,440519.34
2646,815672.5500000003
2647,251036.99999999988
2648,243006.39
2649,167525.10000000003
2650,205981.68999999997
2651,231704.12000000005
2652,256071.74000000002
2653,372798.94000000006
2654,247234.61000000002
2655,430238.6300000002
2656,843549.9100000001
2657,846849.9100000001
2658,849749.9100000001
2659,285117.88
2660,288304.36
2661,285502.30000000005
2662,273414.95999999996
2663,275714.95999999996
2664,207739.83000000007
2665,356309.63
2666,107777.00000000001
2667,156994.65000000002
2668,154162.13999999996
2669,444234.54000000004
2670,448842.54000000004
2671,210117.21000000002
2672,253715.39999999988
2673,244753.59000000003
2674,170469.10000000003
2675,208938.48999999996
2676,233756.12000000005
2677,259236.54
2678,374538.94000000006
2679,249012.21000000002
2680,432069.8300000002
2681,853359.5100000001
2682,855471.5100000001
2683,858871.5100000001
2684,291828.20999999996
2685,296228.20999999996
2686,289902.30000000005
2687,278733.83999999997
2688,280636.24
2689,214823.83000000007
2690,358930.43
2691,110941.46000000002
2692,160594.65000000002
2693,131822.21
2694,156262.13999999996
2695,206042.86000000002
2696,451242.54000000004
2697,819727.5900000003
2698,823427.5900000003
2699,825915.9100000003
2700,257415.39999999988
2701,248553.59000000003
2702,162880.94999999998
2703,211938.48999999996
2704,235959.87000000005
2705,262682.54000000004
2706,376478.24000000005
2707,252412.21000000002
2708,434954.6300000002
2709,437625.2800000002
2710,862311.5100000001
2711,865082.2900000002
2712,298625.74999999994
2713,272953.31000000006
2714,284779.83999999997
2715,289579.83999999997
2716,361730.43
2717,113141.46000000002
2718,164348.55000000002
2719,134384.50999999998
2720,159507.71999999994
2721,208042.86000000002
2722,454042.54000000004
2723,828315.9100000003
2724,830063.8100000003
2725,833331.0600000003
2726,260233.92999999988
2727,251509.13000000003
2728,165765.99999999997
2729,215101.43999999997
2730,240031.37000000005
2731,265282.54000000004
2732,379874.68000000005
2733,256912.21000000002
2734,440625.2800000002
2735,444005.9700000002
2736,868286.8600000001
2737,870874.9000000001
2738,301125.74999999994
2739,276653.31000000006
2740,292444.24
2741,296044.24
2742,364170.42
2743,116090.58000000002
2744,165888.27000000002
2745,136597.88999999998
2746,162427.29999999993
2747,457820.82000000007
2748,461054.31000000006
2749,836762.3100000003
2750,839309.1100000003
2751,263187.78999999986
2752,254692.42000000004
2753,172935.80000000005
2754,217464.65999999997
2755,242518.82000000007
2756,267531.59
2757,381935.80000000005
2758,260983.35000000003
2759,446662.2600000002
2760,873611.2600000001
2761,876960.1900000002
2762,879853.1900000002
2763,302786.9699999999
2764,306286.9699999999
2765,279156.2100000001
2766,299845.83999999997
2767,302990.8
2768,216855.23000000007
2769,366844.58999999997
2770,118617.30000000002
2771,167237.03000000003
2772,137473.8
2773,164301.34999999992
2774,462725.75000000006
2775,464394.1500000001
2776,841610.8600000003
2777,843070.7800000004
2778,844280.3700000003
2779,265332.90999999986
2780,256108.81000000006
2781,219308.17999999996
2782,243718.13000000006
2783,269406.79000000004
2784,384413.03
2785,261932.34000000003
2786,448485.68000000017
2787,881338.9900000002
2788,885128.7100000002
2789,887189.0800000002
2790,308866.3299999999
2791,311055.9299999999
2792,280780.4600000001
2793,307348.3
2794,308715.77999999997
2795,217977.63000000006
2796,369264.20999999996
2797,120036.80000000002
2798,169421.03000000003
2799,139552.84
2800,166026.31999999992
2801,211045.86000000002
2802,466240.57000000007
2803,846289.5700000003
2804,848093.6100000003
2805,850203.2700000004
2806,268015.8699999999
2807,258389.05000000005
2808,166958.55999999997
2809,220815.13999999996
2810,245190.75000000006
2811,271103.61000000004
2812,386106.59
2813,263854.26
2814,450568.53000000014
2815,452796.1300000001
2816,890398.4600000002
2817,894479.1800000002
2818,313055.9299999999
2819,283680.4600000001
2820,313015.77999999997
2821,315131.93999999994
2822,372343.64999999997
